rank,timestamp,zone,crop,actual_vwc,predicted_vwc,residual_vwc,abs_error_vwc
1,2025-09-16 06:00:00,5,Blueberry,1.3194,68.0442,-66.7248,66.7248
2,2025-09-16 06:10:00,5,Blueberry,1.3194,67.9984,-66.679,66.679
3,2025-09-16 05:50:00,5,Blueberry,1.3194,67.9708,-66.6513,66.6513
4,2025-09-16 06:20:00,5,Blueberry,1.3194,67.9521,-66.6327,66.6327
5,2025-09-16 06:30:00,5,Blueberry,1.3194,67.9054,-66.586,66.586
6,2025-09-16 06:40:00,5,Blueberry,1.3194,67.8582,-66.5388,66.5388
7,2025-09-16 06:50:00,5,Blueberry,1.3194,67.8105,-66.4911,66.4911
8,2025-09-16 05:40:00,5,Blueberry,1.3194,67.7962,-66.4767,66.4767
9,2025-09-21 03:30:00,5,Blueberry,0.0,66.4126,-66.4126,66.4126
10,2025-09-16 05:30:00,5,Blueberry,1.3194,67.6153,-66.2958,66.2958
