feature,pearson_correlation,spearman_correlation,absolute_spearman_correlation
soil_moisture,0.963995,0.951153,0.951153
ec,0.591563,0.517545,0.517545
water_vol_past_4h,0.197935,0.301007,0.301007
soil_temperature_7-18cm,-0.261146,-0.176167,0.176167
irrigation_duration_minutes,0.118437,0.132088,0.132088
weather_radiation,0.079781,0.111786,0.111786
weather_pressure,0.112125,0.101288,0.101288
soil_temperature_0-7cm,-0.158631,-0.100894,0.100894
weather_temp,-0.158475,-0.09785,0.09785
weather_wind_speed,0.067826,0.061959,0.061959
weather_humidity,-0.020144,-0.044681,0.044681
ph,-0.011713,0.043102,0.043102
weather_rain,0.037248,0.016408,0.016408
hour,0.006881,0.001742,0.001742
